"data_size","non_augmented_value","augmented_value","actual_value"
350,2.95240899911621,2.79661980305969,2.79208094254136
350,2.69344210556128,2.48268738147322,2.48604397475719
150,8.57052240628461,5.84560015137001,4.73265350144356
100,3.89902227460754,6.02984279215169,4.53282595053315
150,2.37360229059629,2.26728375664054,2.50672150682658
450,5.56843179993889,4.57585198272433,4.97309716511518
700,3.29364722688871,2.83169415269976,2.70111681800336
250,0.628273354599115,1.86226044937642,1.46180370543152
950,4.69083793364354,4.47671755411654,4.44739663973451
650,1.34489091672142,1.75252734772033,1.51307620480657
350,3.6783719588675,5.18310262758998,4.71414922736585
200,2.45995741512175,4.80893114915094,4.21314459294081
950,3.08014361170102,3.05372538397012,3.01395816914737
300,3.43500463587893,3.13379288852658,2.30299078859389
900,2.14024388346817,2.26542249005695,2.39094173535705
750,3.0669456134644,2.63534924568362,2.63856810331345
850,3.15537734518823,3.81027248024603,3.53571430500597
500,4.3813660784007,2.742307904679,2.84491864498705
750,1.54995184247768,1.91622102920696,2.08694018609822
150,2.29542405345272,2.05526149761371,3.20874484814703
650,1.53258246813518,1.82513398915306,1.70075461827219
450,3.01901133746147,2.73979717819468,3.24712865706533
550,1.26793371162013,2.27012714297909,1.93394006229937
600,1.82961321861021,1.25831892776222,1.37249995581806
250,0.986784114773338,1.50483144229881,1.14050876442343
350,1.20309660155767,1.55132206348644,1.81317762564868
900,3.94882579982557,4.23336495784832,4.02968491334468
450,1.58324241289752,2.44080254935948,1.94973397161812
400,3.72956624922922,3.28481903256939,2.91740711964667
400,1.18372343421917,1.9574291273774,1.56526663061231
600,2.70966036677275,4.75556983181772,4.65479805041105
150,4.09222802236388,2.36111250070011,2.75257295649499
700,4.52616480659599,4.25764630449272,4.75802227295935
700,2.19561437438103,3.01027018316197,2.99993530847132
900,4.25162699159693,4.19138993110963,4.04073840565979
350,4.58197348905467,2.91690504976746,3.60395191144198
250,2.58143487960412,1.02121866846776,1.54567965958267
300,1.15799654357948,1.95415518450173,2.46618537325412
300,4.06866473356751,1.65465175504766,2.38964609615505
600,3.31821086570094,3.29981184444461,3.07400444615632
450,0.756953659676193,1.30872580743077,1.66503597982228
1000,1.34535632841289,1.34535632841289,1.34535632841289
800,3.38062800932307,4.0273223910305,4.26781814731658
650,3.48726961037281,3.58366397385612,3.66175699513406
200,7.08553151012785,3.17747507558339,3.87985450122505
550,1.83872515771225,2.54493526312625,2.49326574523002
350,4.84604828419687,2.30375759246173,3.27757327910513
100,2.17420626672727,3.16810353509955,2.1938289096579
950,3.98512007449478,3.86725308900565,3.85697777755558
450,2.53339326530927,1.86085913917685,1.85180398169905
700,3.57935337428864,3.41457503844308,3.300432164222
900,1.00125739103608,1.03125695982777,1.02360926754773
850,2.57899344556351,2.67788973563224,2.75947917532176
350,1.87999023147868,1.51527362664432,1.38991741556674
400,4.33170735489018,4.97383491855425,4.57439707778394
950,0.972120975215229,1.04144618388147,1.02134265564382
300,2.31111482825381,2.96212740520017,2.4194984100759
750,5.3560312786994,4.85137908053622,4.59432910010219
150,3.98437326009643,2.38630809856834,3.01822622399777
650,2.26572654761513,3.84333586891797,3.25178780499846
300,5.41767667394091,2.9802108901251,4.41532378923148
600,3.61848980444688,4.44739408842462,4.20254339277744
100,2.40086808908334,3.17608777799899,3.07140386942774
500,1.86900762013729,3.0457100169198,2.67280310019851
500,3.64875150756271,3.25409293076278,3.56063262373209
150,4.68554977234091,4.28015480660049,4.03317954111844
700,1.75450636729615,2.40835708064397,2.38544740900397
500,1.14760777465143,1.89876308562913,2.47062718495727
650,2.45001664927268,1.59037595418653,1.81537219695747
650,2.43983714362486,2.88086578767977,3.22755032591522
150,3.63399599405464,2.5155232520182,2.38737521413714
550,3.46559133438499,2.57800479863002,2.68995096348226
500,0.600882054322317,0.837238245788827,1.00744413398206
900,4.76753234165551,4.45870786665494,4.34761886484921
700,5.32976656082645,4.44106691750005,4.23405811190605
200,1.12319864179972,1.58801288876987,2.08302148804069
350,3.64057128153933,3.83458370307694,3.56896433141083
1000,3.97197806742042,3.97197806742042,3.97197806742042
900,3.35087344557417,2.93033430594121,3.04146495275199
550,3.74800549583785,2.68650483079802,2.76901331823319
500,1.38902092578319,2.02627866000293,1.97171145118773
450,3.78279149676216,3.12188168720124,3.39970035105944
100,0.886682910063122,2.05567977200009,2.52315687853843
550,4.58884906002224,3.62261590622861,3.12831274792552
750,2.05808674575991,1.82499782753484,1.90284223482013
700,4.39428690976637,4.35230667742629,4.40294122882187
300,3.94270071880112,4.39815059721653,3.71957189496607
250,3.12572020709875,3.08067824016349,2.8001025589183
850,2.76212054109889,2.44288345290684,2.59363012202084
550,0.899553944212442,1.32254180578306,1.37072663381696
600,1.04878583406964,1.52693489482352,1.55917986854911
1000,1.34827298112214,1.34827298112214,1.34827298112214
200,7.96756902499236,7.07944714092782,4.90116226766258
1000,2.12358341459185,2.12358341459185,2.12358341459185
400,1.80233338361592,3.48932154889208,3.55505133699626
100,0.321281487701884,1.04678595769796,1.22879480104893
300,2.01542382356302,1.40554657074304,1.98481037747115
250,0.553965825543063,1.22234202599477,1.32783322036266
650,2.23807527024956,2.04703756693054,1.75142415612936
100,0.677723555404519,4.50866409312049,4.20720038283616
700,2.18291771890876,2.91306629403521,3.00453689321876
1000,3.77854972612113,3.77854972612113,3.77854972612113
300,1.16899214715939,3.14701570759443,4.58688324410468
150,3.57885085591261,2.4823568289175,4.27343646343797
300,3.36495686476048,4.34750212616737,4.89372368250042
150,2.75389516158883,1.71515132976564,1.8797106044367
500,4.57444084137504,5.13721068737558,4.44662218447775
550,6.09356149684546,5.07085729674752,4.10910229943693
600,2.42217461537528,2.15141497497242,1.9353962149471
150,4.23843683820828,1.77763457914275,2.32046506647021
500,2.72812160758448,3.06383812989462,2.52324915956706
950,1.42350231832763,1.35927885215955,1.36062885262072
850,3.86780975315698,4.61361859692455,4.62161267828196
600,1.48830874122411,1.4519895422134,1.66337342280895
600,2.60828108093209,2.79727640156796,2.9042383544147
600,2.03806414231373,1.44393845197739,1.54620905593038
650,1.77917672352317,2.41114074590838,2.11585203558207
150,0.447906514093698,1.60812464400511,1.49129771254957
400,1.78091057356332,1.45784516268848,1.17444744706154
900,1.04312213444833,1.13664779693214,1.15491022355855
950,1.08597146543628,1.1238451538185,1.13422946259379
100,6.19660051005454,5.80417189917779,4.58932737074792
950,3.21105084794113,3.1357346047254,3.14216516073793
800,2.65493765708103,3.08089145944967,2.78850371018052
750,4.36567978380434,4.08017414145974,4.23040581028908
200,1.57986010078634,5.47329924447176,4.19286835659295
550,6.70852080267715,4.36528274664324,4.93155574705452
400,2.85193524503614,5.19566690278024,4.39075184147805
1000,3.44660918973386,3.44660918973386,3.44660918973386
1000,4.46893507894129,4.46893507894129,4.46893507894129
350,5.40973157858521,4.54668517717618,4.84428542852402
600,1.0742458002063,1.35840275753365,1.19281432591379
150,8.45985302698137,5.44370787794011,4.4182666214183
850,5.28351817680069,4.79273038070404,4.952327596955
600,3.25705816633364,4.12742643861727,4.01929449196905
700,4.13149149045367,2.77955052414347,3.31400996446609
350,2.54787580913481,4.6778085249373,3.74136246554554
150,3.12557621891629,3.15904992236835,2.76431512925774
250,1.17479228007387,3.61036377394911,3.14804789517075
300,2.30960550112947,3.11070923700293,4.34853190556169
700,2.89558066460661,2.87245882890544,2.68131260201335
250,2.67514923863794,1.51524624432807,2.51927663385868
950,3.29125816270925,3.36058911581045,3.42792624607682
500,1.31919439403188,2.10591242224604,2.17768651526421
550,5.58627102274998,4.75405658193366,4.37176705896854
650,2.34064834819617,4.01635991073758,3.71238787006587
150,1.35514592732901,3.38716119302307,2.85338665917516
850,4.8363376974435,4.67244052932316,4.88338886387646
800,3.24886898016682,3.50459301858056,3.83482960425317
550,1.74078235511355,1.54647005808965,1.55208484455943
1000,4.72122570220381,4.72122570220381,4.72122570220381
1000,3.10385242383927,3.10385242383927,3.10385242383927
150,0.717631266318804,2.47832831924465,1.71075613144785
850,1.17011101806622,1.33922624997398,1.23706810828298
850,5.02892732899657,5.02754834125876,4.93977994285524
450,3.44895893708407,3.34117702245529,2.95248583517969
650,5.07905666537664,3.617704155098,4.26489891111851
650,1.8946490980822,2.49140814889251,2.33500469382852
1000,3.51675834134221,3.51675834134221,3.51675834134221
100,0.749773859143707,1.02874735266105,1.01775631122291
100,5.10982388175402,4.54192939723129,4.43709030002356
350,1.66198671684591,1.82043146483851,1.81094591040164
400,1.79903835810871,2.75674340328285,2.97107457742095
100,9.74355106699162,5.28041328924366,4.98343745898455
500,3.30043326158606,3.613119244691,3.91368473786861
600,2.07534381320388,1.68047676898404,1.47153807524592
550,4.03701534135323,2.91696062383474,3.88671588804573
200,3.91043127632177,3.2140570429062,4.00680821482092
1000,3.92909522913396,3.92909522913396,3.92909522913396
650,2.4229662477183,1.81661369575428,2.03520010970533
600,1.59151662821001,2.57740157301274,2.12008622754365
950,4.44169484819488,4.66423708152416,4.70132004469633
300,2.41172516529888,1.99880076353651,2.23829723149538
1000,2.62977959960699,2.62977959960699,2.62977959960699
850,2.70552468082321,2.6099359112556,2.55326975788921
900,3.49766169143202,3.77323388826278,3.67782998178154
150,2.56112156649897,4.11752708271423,3.09334013052285
800,5.85600683338325,5.04667909524887,4.79161012917757
900,1.56854495824965,1.75728691246978,1.73303549084812
1000,1.66908530797809,1.66908530797809,1.66908530797809
450,1.91112079800431,3.22758743473049,3.16875054500997
350,1.48410581744527,3.96362931380939,4.35916427243501
700,3.17865546754089,2.40043651093561,2.78231153450906
600,4.3148355321607,3.63205711841243,4.33787613734603
500,3.42943595875413,5.2256805847572,4.15091601852328
150,1.96629240199867,2.50499482271238,1.99532105773687
950,4.75019354361496,4.42187844389828,4.51497467793524
900,2.09519912659288,2.19931429647383,2.14187899418175
850,2.46577077372369,2.66241818875479,2.63390471879393
450,2.17472082653578,1.02141361060756,1.40428554546088
750,3.9330580534894,2.96928505134916,3.42363614402711
1000,2.13354712817818,2.13354712817818,2.13354712817818
100,2.08634078720845,4.32248937334143,3.05514403618872
900,2.48763408000768,2.39847322624602,2.31742887198925
750,2.39766882999241,1.88768636411579,1.98005383182317
950,4.10974464768939,4.31965583982144,4.2224446516484
600,5.33009718044723,4.10059487931555,4.89367337338626
900,1.78381546131554,1.80834032972652,1.88767244108021
850,4.05377401862395,4.66271249923615,4.49863138142973
600,4.31397619777923,3.44877451047917,4.16991082485765
100,0.343108977857225,1.61724850745511,1.48955713119358
400,2.17340434999197,5.53292476776654,4.3643172942102
250,1.08732251443103,1.1146097621876,1.30590709485114
950,4.27429906910833,4.09492118002128,4.17926262784749
150,6.22027876929318,2.60898612822509,3.59806514903903
250,3.17263725106706,2.19478138175331,2.84440701175481
600,2.85518475016752,3.17721989340718,2.99473663792014
800,5.94691473859221,4.42539455235901,4.91337185259908
300,1.66403422149092,4.38317621262869,3.215536092408
100,0.626951275128648,2.15021404891582,1.49772792682052
500,1.34329311110429,1.69532865209495,2.26907658483833
400,2.0468217255499,1.17288251848332,1.31047993805259
500,5.79919192402254,4.26142662590055,4.3508084686473
150,5.97444379645146,3.50194746630179,3.32731272373348
900,2.97590382920594,3.16877307146991,3.07119645178318
100,0.4905460719053,3.75631143964569,2.69215430691838
200,1.76338783382607,3.82793865741575,2.86434132233262
400,4.8366339840306,3.87050102572128,3.46254843100905
550,2.35214028583637,2.59756241805347,2.70753340423107
350,0.746927300793603,1.97164717293419,1.95779876504093
100,2.59492567410141,3.53928297955099,3.38029105868191
1000,4.13606710266322,4.13606710266322,4.13606710266322
250,2.26156431430329,4.08659459934806,4.21054733823985
700,4.09963875485746,4.93226321733063,4.54705798719078
500,1.38807463267091,2.8909387657688,2.77904446981847
600,3.53017637807849,3.73103711653221,3.44311411865056
300,1.99035434329786,2.37213529206057,2.80274301767349
350,2.06940239323628,4.58837669991683,3.38177613541484
800,2.72769361776487,2.47807809123159,2.43939901795238
400,1.50536421068555,2.86955183003856,2.29825832508504
500,2.19652844921007,5.34761575016841,4.50995443016291
400,1.95286108991537,1.09340618667197,1.5154946250841
300,1.05671433602414,3.61130574785,2.93146636802703
800,3.75746780127187,3.49869999631377,3.15885204542428
800,1.42546303904063,1.29563724013077,1.32153545506299
750,5.03810349344388,3.91239663670722,4.5140465516597
600,4.45175553123705,3.54078813662816,4.50929649081081
800,1.11883883247059,1.13496862542751,1.25667564757168
950,2.36462081198715,2.45542277470041,2.40428903978318
500,3.04192123020178,3.66542221465588,4.22693339455873
100,0.590903850827984,2.3713028252325,4.54455528222024
400,2.89776403715987,4.63799051654115,4.74973867833614
900,3.59904114861627,3.92293569358852,3.9088108157739
900,1.65194947955507,1.68177828297981,1.73228639457375
950,1.17585036737892,1.23170323058117,1.23840752523392
150,1.20566098384399,1.98655662031603,1.73806684743613
100,0.489061114814326,0.898578079141578,1.30549324583262
500,1.80405086142449,1.36039238689571,1.48740020114928
700,2.38267537472811,2.64251592547075,2.30614422447979
700,3.44784532018189,4.21036111474391,3.77549519296736
500,2.67334122520511,2.44147053408819,2.34589773975313
650,5.8142078170546,4.24707542769602,4.9913912108168
700,3.91120541925788,3.08398216364999,2.9958871062845
750,4.47763787340786,3.64835722497793,4.01939450018108
950,4.35065320946813,4.47390356778282,4.35691114049405
500,3.04360376015168,4.67160279014621,3.84202523063868
250,0.704188110991488,2.10939528204352,1.49958927929401
700,3.28703677414847,4.06340568996914,4.5420278199017
900,4.17809952819829,4.56218457866686,4.3997851582244
150,4.38607924273289,2.55701010540496,2.49946771655232
350,2.32612191766799,2.47022696941373,1.97960364259779
1000,4.84641084633768,4.84641084633768,4.84641084633768
250,6.66516412409047,4.12971631051861,4.40247619524598
500,4.86451130963433,3.64747283250763,4.4074262259528
1000,4.99034771323204,4.99034771323204,4.99034771323204
450,2.17607592655559,1.43015725866615,1.70200047828257
650,2.62999258671469,2.569896703937,2.83703301940113
600,2.42957076989441,4.95804310088561,4.28856879007071
900,0.975115081933172,1.05056191640601,1.0454578846693
600,3.18552430014808,1.86957398618181,2.23456062749028
500,1.54752828163178,1.29798438544202,1.53932531643659
100,2.2509684227552,1.14038377645682,1.20544292312115
250,2.27462970882723,1.61538392282069,1.29346866626292
950,2.02168697499664,2.08326341764102,2.07895084284246
950,3.60577347618579,3.48890892416717,3.4619919564575
450,5.52939304303993,3.7172750245176,4.02911364939064
1000,1.02491996437311,1.02491996437311,1.02491996437311
800,1.31828447645424,1.12251090874784,1.20150003675371
450,4.41301200518254,3.14077995494577,3.28817819710821
650,3.67409138980663,4.04881387051075,3.49029673542827
350,2.8477559543717,3.18086405878013,3.86827391106635
500,2.74023078787053,4.25965960404606,4.83742113225162
900,1.94242806302347,2.14634971186838,2.06592096760869
100,3.08985281330597,4.07041133303296,4.42651379015297
850,2.96355412722855,3.19913504307921,3.23584490455687
700,2.88640093914781,3.8870539675381,4.0614663939923
1000,2.32378707174212,2.32378707174212,2.32378707174212
150,1.72711690852437,4.00123306346865,3.2523170504719
850,1.75500316077466,1.65836638866984,1.61757513508201
400,0.967008572395541,1.67421204154426,1.27576679829508
400,1.91307670747629,1.66797459848574,1.29251506924629
350,3.86917659394755,3.1582020545375,2.58623634371907
650,2.52731377074042,2.5926739087068,2.27216009702533
750,2.43020850724567,2.38701950232403,2.61819259729236
300,6.70647408938885,4.32481368414306,4.97504051122814
400,4.61420723584702,3.21463157035801,4.14323871396482
650,0.889453097574663,0.958377281589846,1.08335463237017
350,2.88658671162429,3.5475214403438,4.74020866490901
700,3.26297080422869,3.38312591508847,3.43947732076049
800,2.85784213076174,3.33212087616182,3.21310097258538
350,5.0899901581828,2.32157844952318,3.30995962489396
250,8.60278533147475,4.57273123736747,4.85385090857744
900,1.05419258224851,1.10061187861782,1.11292885895818
500,1.94597473539172,3.11038686825595,2.59280752763152
100,2.40040651562176,0.806333604968275,1.50753083545715
950,2.95069422508328,2.8785174833456,2.95917139481753
450,1.01304506919772,2.84641876183029,2.59547493699938
950,4.55294103634076,4.8011808334806,4.69354209583253
900,4.9403576066395,4.36445626419096,4.53641422651708
400,4.72937693551206,2.56200520745363,3.81241684313864
550,5.25168561222509,4.04238562420539,3.7772623822093
550,3.23175676740384,2.91652584402021,2.44532929547131
800,1.65166096210828,1.28012909731732,1.42022581957281
800,4.87632569486864,3.94890944161712,4.21505679748952
800,1.18769345145741,1.44244429149754,1.3095196262002
550,3.56794932052204,3.81735184754052,3.2303411802277
300,0.799881377576912,1.80591248963093,1.7948105642572
750,1.46421989350792,1.7232603838567,1.51674617361277
500,1.94325435627523,2.09391926539743,2.1351181184873
150,0.627170325888481,1.02637608663091,1.84984754957259
350,2.66891866690087,3.47237204161151,2.82801743689924
550,5.00152529256492,3.93071677425236,3.54760614968836
950,4.70723253651223,4.67057284708829,4.75244004838169
600,1.0598326584867,1.52134245178705,1.68861685320735
500,5.89841385741232,3.94557642012253,4.01946246251464
950,2.00166464027634,2.07703245063434,2.07855918258429
950,3.88408806228126,3.96085445169958,4.00617338344455
500,3.28020835964682,3.59473652006913,3.61634553968906
500,1.4266693888713,1.65468955723049,1.44418928492814
550,5.86888053689299,3.65851669613843,4.86854116618633
1000,3.24752382189035,3.24752382189035,3.24752382189035
500,2.71395146897604,1.77613860346905,2.12566523905843
1000,3.79188259877264,3.79188259877264,3.79188259877264
450,1.90195548783367,3.48171099558146,3.06788592319936
300,5.4853268584914,4.71747142449094,4.0271987952292
250,5.64178080447838,4.23788123193028,4.35098794102669
750,2.55233844587372,2.68241569429304,2.72067778278142
900,4.12712615806981,4.14196979863073,4.01658788975328
800,2.53773858152333,2.46540844780039,2.70081148482859
100,1.41674847618996,1.2202976831084,1.10675641242415
1000,3.0735504347831,3.0735504347831,3.0735504347831
950,2.59355426948404,2.6357882711632,2.63685615733266
400,1.6350928505593,1.61396264310519,1.52039295714349
950,3.60385010851706,3.48575672449035,3.50914460327476
300,2.49249222136912,1.76234004704621,1.77802552375942
200,0.912004598313951,2.75348495569206,3.45427517686039
400,0.467363705175535,1.27060328774389,1.17817575670779
900,2.86278919372274,2.79307713071034,2.7020010240376
300,1.8307395483831,1.44191661944257,1.33831201586872
250,2.01053247413115,1.29445280091818,2.00241206027567
100,1.14297595692178,2.73394604452394,3.37136538047343
650,3.40328426153951,3.93906272781956,4.84175758622587
700,2.00723588026451,1.61711998827415,1.92606868129224
850,2.37170741820266,2.51286857258972,2.34080244600773
600,4.94484370319906,3.66854014255633,3.90449605882168
800,1.29174507377951,1.49748537419927,1.42402300704271
250,0.95829780197953,5.33723180974285,3.93394658342004
600,3.47312923843,3.43721871780772,3.92398371547461
400,1.38097405403845,1.18152227933277,1.57517446856946
950,4.28800089431664,4.37837900277122,4.37921105138958
1000,4.18349794112146,4.18349794112146,4.18349794112146
800,2.31815883856144,1.83919296443034,1.90163936465979
450,2.0420837144626,2.34874227018978,2.92384123057127
250,1.57913572818452,4.39706067121667,4.26603258401155
850,3.46443172221475,3.31990191035328,3.52310253214091
200,6.25491507618281,3.0871396941818,3.70007496979088
650,1.61166770857193,1.39744094277651,1.56198175810277
750,4.21441417059689,3.9751133033371,3.87892260681838
300,7.77431339316643,4.46783620154758,4.47024353593588
800,2.68932382661973,2.34402890262297,2.27516913320869
300,5.32861607283324,3.44520912192964,3.41164262127131
850,3.15712100792341,4.00243936655754,3.77284886687994
250,1.47847819573158,1.95490929032085,2.02283667121083
500,2.42686634644254,3.1493059090429,3.60948878154159
950,2.35186860326895,2.46002996895353,2.4307190105319
500,5.04338714580206,3.71557942221258,3.96993245743215
750,3.62535256591584,3.72396963703145,3.89817315153778
300,0.417358055741804,1.24798913709618,1.34661243017763
200,4.76092914539811,4.79787875632418,4.47655618097633
450,0.90724744877631,1.80849776556325,1.42464692238718
100,3.7096588013521,3.25473615181465,3.29628243204206
900,1.45354197745671,1.34444170468432,1.32887683436275
950,1.59053979627342,1.6409950923054,1.61944763921201
200,0.693709818629521,4.85651331323219,4.21358953882009
200,2.04065068157576,4.19584608243449,4.54834074992687
100,0.481758795444191,3.75419475144044,3.45802058372647
550,1.79875261857955,3.58944985762872,3.11411834228784
750,3.24471739463778,4.15806859962561,3.98296369425952
150,4.04871201137021,3.2256549193404,3.41737649776042
1000,1.28701343107969,1.28701343107969,1.28701343107969
250,6.61073953942133,6.79800251977597,4.94591295067221
200,2.29304756573839,1.2277776179965,2.03065969143063
850,5.18258032050875,4.8467536621414,4.96695746667683
100,0.541244106447492,1.21503487588212,1.37833057530224
300,2.18017727436465,2.64738719390727,2.76501888316125
450,1.00714566540897,1.00788109208756,1.33470911346376
650,1.34034750054035,0.976532120414318,1.04254064150155
1000,2.44878638442606,2.44878638442606,2.44878638442606
350,1.91453618143905,1.46872479027608,1.24025208223611
950,3.12021820666614,3.09812069462263,3.10683223418891
700,2.73472928381994,2.39413615193159,2.09230117686093
400,0.823700846116372,1.11134467443544,1.20724331773818
550,3.36763801448674,3.82960158671273,4.25078785605729
200,3.11286386215882,2.24481332559058,3.79155703168362
250,7.89438083043851,5.65535675043343,4.31657638028264
1000,3.74300733860582,3.74300733860582,3.74300733860582
200,0.862193385393653,1.67946371704627,1.1844527553767
550,2.65880174033814,2.23712733127749,2.38385228253901
400,2.9859343914735,4.8260405553734,3.65856258012354
550,1.79570380543491,1.28073155827493,1.33612464275211
400,2.2251964535503,1.75035953022103,1.9381066756323
350,2.54107609724658,1.99360177169866,2.07402707636356
500,0.686909132925191,1.20436150034483,1.06382280122489
450,3.4247251496644,3.61120342733308,3.16440476942807
1000,2.46099663246423,2.46099663246423,2.46099663246423
150,4.23818099805771,2.88706298008776,3.56125814002007
800,2.39265399067899,2.21756690232114,2.15368409175426
350,1.68761731357155,2.40915854495883,2.56741186790168
600,3.04756476442183,3.67366639273639,3.0768711566925
400,0.662924191165149,0.794068358997624,1.18526710756123
300,1.49500046042924,2.2707328776834,2.76959047373384
150,2.58349591722737,1.3574014263545,2.51741978060454
450,2.14914818479047,2.99110137067785,2.7127827340737
550,0.963437236435261,1.34880730683375,1.17150995321572
350,4.27657540695094,2.98712410297419,4.54416960291564
500,1.70747086708634,1.17122574156027,1.32983006630093
150,2.30384479470709,2.58195713955274,2.16822425089777
600,1.46500979775305,1.89334249051664,1.80770779307932
250,5.07604874569805,3.11184605289203,3.46913478150964
400,1.155013344367,2.37550657735093,2.80561864282936
300,1.15969294363624,4.68481094869518,4.8731223763898
1000,3.9419552590698,3.9419552590698,3.9419552590698
200,1.1792167884633,2.13328362354898,1.704186135903
950,2.82451418895677,2.8302314971893,2.83291571494192
950,2.51439185880153,2.52621966906077,2.50231600366533
900,4.61417318343879,4.82487700164421,4.93464415706694
250,1.99976706851425,1.51739291427494,1.23624252527952
850,1.51922811963584,1.44761593078674,1.45891881641001
500,2.86123780842871,4.43011762506014,4.49913048651069
250,1.09688357383339,1.49160004114886,1.97399195842445
950,1.72788697669779,1.87235009921804,1.82293971162289
500,2.1347141835315,2.75397355646579,3.62036398798227
750,1.52051818969431,1.73282142548132,1.6159278312698
400,3.80735041647383,3.05320414796035,2.30649372097105
200,2.78286452021734,3.34388222840144,2.89348270744085
600,3.0147970204015,4.73204129372004,4.9661048008129
600,2.89435697381591,4.51334810610935,3.75833056960255
650,5.34200209928273,4.85254080514433,4.55362995434552
650,4.56179177237045,4.13521216338123,4.02003389969468
750,3.36217779082766,2.93913495737544,2.95893947687
450,1.15883863871278,1.4155316383937,1.46933168079704
400,2.42958675629007,3.63478315878042,3.2317106788978
300,2.78588080207021,4.56788313250413,3.65749656967819
800,1.16710210310674,1.10432246403197,1.02219042088836
100,9.63350937699919,6.28108757005667,4.86823439225554
700,3.46254703789693,3.20505429545368,3.61371326912194
1000,1.44357041828334,1.44357041828334,1.44357041828334
850,1.19728691541534,1.31285389979976,1.41893725283444
450,1.53884976620511,3.51833948865517,2.92294825520366
1000,4.2979012997821,4.2979012997821,4.2979012997821
700,3.51800990821756,3.54171974505653,3.64989327639341
100,5.42027587538714,4.61598614848752,4.59145130589604
450,3.31580197916652,5.07153520207054,4.79204949550331
600,3.78505241489104,5.65528982753126,4.9380688816309
800,1.0706708620841,1.04863973283237,1.0362594332546
100,3.8979525727817,4.41683460367106,3.26580821443349
200,4.75895476199979,4.79545175202943,3.94449895247817
150,1.06825252909255,1.08698631709648,1.98377237375826
400,3.53682007074324,2.70635627978675,3.42699181567878
850,0.878563871328159,1.0561426530145,1.04869060777128
650,3.75125525536926,4.95264540736407,4.72000037692487
150,1.4120737963655,1.9375276555345,1.47494756989181
300,1.73984205467493,1.60183291988138,2.60117209050804
500,3.65203287901858,3.42333100492088,3.01009344588965
950,2.72489240774028,2.74091542713364,2.70540215913206
700,2.52879718362378,2.37951127482687,2.16059014201164
250,2.78134209206532,1.77974806077545,2.75985394977033
200,0.88450168576572,1.13655433329465,1.16159497015178
100,3.38983159771731,4.07975320430192,2.72514031268656
750,1.95474913503826,2.84180175567267,2.66653964947909
950,2.71390823406498,2.60299824027518,2.60724466200918
250,3.16296183083889,2.36040788881738,1.83929925877601
200,4.96832079428152,4.65245417689967,3.57742461562157
750,3.51366060693654,3.18314662204827,3.24425930995494
400,2.32545838362699,1.67688994755675,2.06362036988139
200,1.09587072033518,1.22800532135333,1.57018450926989
400,3.25041207076891,4.41260244358316,4.54148464463651
300,2.96732301831526,4.23149064191546,4.36857313197106
850,1.8173216289882,1.68773418068999,1.61835268978029
500,1.38933232436065,2.30972250578004,2.25186214968562
950,3.98993978047034,4.11753073750773,4.02610090747476
400,1.47458657024977,4.0706782522288,3.35696484707296
300,5.58402633839692,4.3269913499521,3.22509591560811
200,5.41961937597593,3.44058443028811,3.17564763873816
900,4.24147212196348,4.38782543927314,4.54552742466331
450,2.55341332187606,2.03965872333073,1.94015463907272
650,2.21781239334832,1.95780471224986,1.68849294167012
900,3.96817163711907,4.10331626055058,3.97862108517438
750,3.7276809545935,3.11117124882092,3.38854145351797
100,5.40305091300952,4.24839531317591,3.95599737297744
600,6.32162149281015,5.52781889845763,4.77917384915054
400,2.81457019095384,2.78160543811226,3.05238112527877
650,4.1810501269962,4.70009250804675,4.75457147322595
500,1.77318931433103,1.3020739892199,1.49185019452125
350,3.60989421226795,4.146506032636,4.07658370118588
550,3.70350470863725,4.75209159485359,4.48079259134829
200,0.296463045569574,3.52674037903865,2.5869955336675
550,1.03959212781776,1.21937197947311,1.17746357712895
300,2.82253851739341,4.72975802151956,4.67005714401603
250,1.80806526111817,3.10610494505028,3.50553420372307
400,3.26630720748111,2.33179291788002,2.14615096244961
350,6.86666561729545,3.3055993111305,4.43890823889524
600,3.39396574966832,3.77907843572778,3.51777350064367
250,2.35963768010645,2.63957983425976,1.92318081203848
800,3.5628048984648,3.51817208678008,3.45071299094707
500,6.75978206970159,4.14414184489622,4.79187978710979
900,2.09960222816392,2.00668946514263,2.10528909787536
400,2.30576371644316,2.76681698255948,3.20719993487
1000,3.22342233080417,3.22342233080417,3.22342233080417
350,1.70975713192155,3.59258048031925,3.25077206268907
200,2.43782206192264,7.10957031527579,4.97442787420005
550,2.47845555306612,2.28618339554528,2.16776677872986
550,3.80195840504106,5.19815658009051,4.845628362149
700,2.19426723480084,1.80041454521221,1.80661157984287
950,2.43737859920864,2.40835656792678,2.45933703426272
900,4.00608485146012,4.3293900860214,4.27235664520413
550,4.02373259222404,2.28200160873887,2.81050560344011
300,1.92890495752618,3.91656620467678,3.73228785209358
900,1.25577941310562,1.19567706979822,1.24670063797385
250,5.33146496558758,4.06566784599229,4.16253251209855
750,4.631568221816,3.30301808299097,3.7368171820417
500,2.12615521331966,5.1177400466351,4.42287509329617
750,1.10667280037656,1.08853617107397,1.09922499582171
250,2.3095555275032,1.59827617138881,1.60709636192769
550,2.58954907042397,4.07608172907415,3.29532829951495
350,3.18830500941971,2.85915471812935,3.23278142232448
750,3.05539769639979,2.82275972128164,2.88898095022887
300,0.842044919957872,2.21512087430545,1.8419006485492
200,7.80860959443688,2.63092948480137,4.16349728126079
900,3.13640405736107,3.12960400002394,3.07543419953436
850,3.79439388764018,3.58986040404096,3.67155123315752
650,4.83016792526687,3.78321920307903,3.58001435175538
700,2.28871032979945,2.34057455604794,2.20375928562135
800,4.36184068299658,5.47438739144623,4.99834987707436
300,0.599947411168537,2.06640465099686,1.54996009543538
400,2.48279480527315,2.16389224814783,2.71536217536777
500,3.04078506191926,2.14311501856361,2.20554538164288
700,2.20129106970598,2.74079212887604,2.63803057931364
550,1.59174977265834,1.0788987866448,1.06303542200476
150,3.10781763433638,1.39930871179849,1.87408195529133
250,1.22624589120061,4.10382880790192,3.09802623931319
700,3.73403595583911,4.61879140897999,4.09913458768278
550,2.09774864356072,1.87288520394427,1.53505587764084
100,2.0168422187386,0.957572321183718,1.28562149778008
150,1.97091038719429,1.19425133761595,1.81382190808654
600,2.76210358315103,4.82320221074961,4.21119118109345
700,2.12908170338835,2.75143861917499,2.85254859179258
400,4.39228944448289,5.31605285373835,4.04253238253295
800,2.44921241345967,2.53258015121861,2.64255270734429
550,3.38220721873871,3.95062248077909,3.16099024470896
400,3.18618533474133,3.01162240536118,2.39293859153986
250,2.02691146394647,2.25863882598761,2.52245346363634
800,2.87571370582437,3.5601555360199,3.66732279304415
600,1.69442118656852,1.32947643830566,1.37729995884001
100,3.48804091072602,3.0939865770857,3.43049721326679
350,0.359727922121093,1.00264087587175,1.25630170386285
500,0.833908835206112,0.989220577347812,1.35818420071155
600,4.65757098040722,3.88888998774623,4.59636609442532
900,3.92124776961666,4.213421133089,4.2960951756686
900,2.72482577838537,2.66496723121285,2.60761472955346
800,1.21558148027477,1.23707671343568,1.1728319041431
950,3.75426040196068,3.88626518300862,3.88206952530891
500,1.59423446057519,3.08443179189025,3.48663695342839
900,1.3075304672096,1.26037395061266,1.20672271307558
650,2.87593267520306,2.73020221284526,3.20347108412534
100,4.68347408148417,4.28823547115622,2.96563093736768
250,0.673751872171585,2.11593764149577,2.1028706850484
450,4.13145910026696,2.80029011448154,3.79078073613346
500,2.5371739935499,1.88237480832721,1.762875251472
800,2.27927503978269,2.51770099195603,2.28236602991819
700,4.05701876190656,4.49505721028406,4.22561173979193
900,3.86720087075796,4.15743956415709,4.11841257847846
550,0.920676679883547,1.05135257507976,1.22854548413306
450,1.84913530697013,1.42930773406397,1.513901444152
800,3.99158564794962,3.6642752691049,3.85239702649415
850,1.99005831971012,1.84440005732397,1.92874983232468
400,3.49694493498836,4.7115133664248,3.86765660718083
750,4.4968720836694,3.71988567457512,4.29701193142682
1000,3.36074758321047,3.36074758321047,3.36074758321047
500,0.947083970337276,1.07384946398225,1.10401396360248
1000,3.90283022262156,3.90283022262156,3.90283022262156
850,1.08100432286742,1.15834718461819,1.15040194243193
250,1.1621041520773,3.3840854630311,3.89472317323089
250,1.73831913031274,3.25844917174115,3.22369268257171
500,2.04233053567766,2.2697008883359,2.67237365338951
500,1.74187545057946,2.02320996264262,2.56016279384494
950,2.42422548997812,2.34625287040795,2.37831779569387
400,2.17288901573733,4.25536345412205,3.22246798407286
550,3.29715438754232,2.96748820713236,2.65465144347399
700,3.743824744718,4.28614404185983,4.61369410622865
650,2.31415973908389,1.58039628587263,1.70075938571244
150,0.52879731772353,5.19920460944031,3.62450090423226
900,3.03739870365219,3.21149444976906,3.34610362816602
500,1.57841633351933,2.1975816406735,2.31308162491769
850,5.08368859540535,4.65898340098997,4.6370141627267
200,0.694402129044142,3.06505574406709,4.43463600799441
350,2.38343260495961,2.00797445951495,1.73156037554145
100,2.51728315479872,4.38150124990498,4.9463217286393
650,2.34036923151531,3.51739523633635,3.12149806972593
550,4.15085024024505,3.86210761312373,4.38500412646681
100,2.0030956978931,1.63777607345289,1.72779677342623
300,3.73831214270565,2.44232424290699,3.98623954225332
900,1.75144428732347,1.94552541610532,1.96599227655679
550,2.2641504928373,2.27606817474423,2.72078640852123
1000,2.68410918302834,2.68410918302834,2.68410918302834
800,3.42505781871804,4.10990139852393,4.06119075417519
950,4.93871290964,4.88043434424457,4.94496396556497
100,7.88600769150852,3.24438726613193,4.86243570968509
550,2.4306030836691,5.52103010245522,4.70770680811256
650,2.13114221744241,1.44357570849849,1.53467959538102
1000,4.41567108687013,4.41567108687013,4.41567108687013
200,1.94639210243583,6.04387979535584,4.67694975435734
150,2.1081155476488,5.05565135195288,4.22618105448782
550,1.96966885875751,4.02927183553437,3.86115985456854
900,1.91392608043476,1.8624467747778,1.85403081029654
400,3.00981536285303,3.10196791009736,2.36591969057918
150,2.42753600004722,6.55718328129609,4.53820499591529
300,2.46110075875191,4.33892764383133,4.56482007354498
350,2.92810811969498,3.53995524022312,2.9230998614803
400,7.15381423650821,3.31511393625397,4.66443247999996
600,6.29264963622653,5.1635434510868,4.44677164126188
700,1.54479408654963,2.13320820629598,1.85269950516522
500,3.91645653391832,3.80835284111616,3.25596268288791
200,0.269157549348034,2.50569892867109,2.24783487990499
950,1.51925410645529,1.52278885875065,1.51689178589731
800,2.49147389276727,2.28299598394976,2.06208155956119
500,2.70690618792992,3.09493294094062,2.51278171595186
350,7.62464703076459,4.79759709812728,4.49641698878258
750,3.05349984994881,3.91219803053416,4.20980483200401
150,4.67459761738023,2.7261053567928,2.68544662557542
1000,3.26577575877309,3.26577575877309,3.26577575877309
1000,1.42849268484861,1.42849268484861,1.42849268484861
450,3.90136223201043,3.89736962667446,3.35395340062678
700,2.63515231298056,3.8460455422059,3.54406177159399
550,5.46973359014685,4.45959123419419,3.84212597087026
550,2.66963469408394,3.00688592151895,3.62664608098567
900,3.58817742185526,3.65392714197448,3.69590956438333
200,4.0656111836735,4.19444800187247,3.18864187039435
500,4.60420579356962,4.23975412594373,3.67160199396312
600,2.21541514112914,2.05678736669938,1.93528049066663
100,3.52208953256927,3.24265133129773,3.19010546151549
450,1.78598438772002,2.71013042037608,2.7318769255653
1000,2.80622228886932,2.80622228886932,2.80622228886932
350,1.90078519556757,2.99520384413972,2.92974846158177
850,1.19573113514488,1.16275562084557,1.1674263915047
950,3.71399948073439,3.53568533798435,3.60839622840285
950,3.61544808383537,3.58200154015897,3.59359738975763
500,2.58818619858951,5.48237656798592,4.34439978096634
300,2.21446865988404,1.19342515880043,1.71035140100867
900,3.54209412825003,3.7985452846992,3.70903276465833
300,0.854113559560104,1.93260063773953,1.82498786970973
400,1.36948709391671,1.07223234865447,1.41052604932338
200,1.6242877637891,3.50906821688364,2.82283897232264
350,3.20084877528704,1.49293146161415,1.88752237521112
600,1.26823601236955,1.94003858119891,1.92824435047805
100,2.09759898406406,0.757644144951398,1.23023775126785
450,5.25720436923707,4.37896964816547,4.53049316257238
400,1.22246896645604,3.28711461840199,3.26689961832017
1000,4.66371111478657,4.66371111478657,4.66371111478657
450,1.81533468901316,1.62889186668853,2.24672130215913
250,2.34808559101794,1.04732003000206,1.33875994943082
200,2.93511061180282,1.163327844553,1.70292804948986
900,2.4003427699069,2.52323695673242,2.44861625134945
250,1.85290713417286,5.32606465897626,4.37416065111756
1000,3.28770597837865,3.28770597837865,3.28770597837865
550,2.54290125578294,2.17408379257956,2.0004753107205
350,0.469295878116518,0.976954418239955,1.16165076568723
1000,1.11278390232474,1.11278390232474,1.11278390232474
500,1.66451380175659,1.62845858286999,2.12283926550299
400,4.12805910817886,3.85964163560874,3.05323797278106
800,3.70984666800247,4.27442771676896,4.59347892832011
650,2.3216403400456,2.19259049809538,2.01408113259822
950,4.38270039276011,4.31975383607641,4.40651930775493
100,0.885808502800334,2.51198646384417,3.01802402921021
200,1.8814232614148,1.90660960733614,1.44763269554824
700,1.97463692068045,2.01124944505829,2.01210967916995
100,1.32637861105772,1.32350792630177,1.72927182540298
950,2.33526853415054,2.3889710171948,2.42033681925386
500,2.12631957071069,4.14492417418292,4.24410221725702
800,1.85617446660986,1.73760753278174,1.58494127448648
850,4.25311741612022,4.09443900620288,3.95895205438137
250,2.19265512627609,2.02630976143271,2.10462308675051
600,1.05469309817831,1.12458168543251,1.35966332629323
950,2.11453159330851,2.11485102654631,2.14420226216316
600,1.18642318263994,1.97631905267078,1.7183420304209
1000,4.34779641591012,4.34779641591012,4.34779641591012
650,1.87550925425403,1.90690506830348,1.9482759507373
450,5.38555019800805,4.44234314140222,4.76910600718111
400,6.07733773951459,4.39966741310657,4.85269562993199
100,5.3310824145638,3.67248945307621,2.66869325004518
450,2.74902835524065,1.41990103897713,1.92601232696325
850,3.87260668506122,4.34371570326988,4.32197141740471
850,1.42064978766823,1.65163062801519,1.69133995566517
1000,2.90551916602999,2.90551916602999,2.90551916602999
250,3.12412826714288,2.56625777802898,2.12634805683047
700,5.8842821721992,5.01927087907722,4.43805020581931
750,4.95450273957101,4.49532603031366,4.41351492702961
1000,4.22027133125812,4.22027133125812,4.22027133125812
800,2.30709137664,2.81171527155255,2.56986118666828
1000,2.02748988755047,2.02748988755047,2.02748988755047
600,2.57740685523559,3.05272882687153,2.99217552598566
150,2.14938555615436,1.02180183482162,1.18902356550097
1000,1.75531550962478,1.75531550962478,1.75531550962478
350,2.06659004481995,2.10872835116904,2.41994837764651
650,5.30132277187956,5.76892105043926,4.90145910624415
500,3.26970514305157,4.25193511343975,4.33501259237528
400,2.43751723920141,3.74128560210729,3.65140703134239
600,2.24228648236848,1.35098667534694,1.63890994060785
800,3.54261847151251,2.91187765086981,3.08256639447063
1000,3.38052974734455,3.38052974734455,3.38052974734455
500,5.76175741699153,4.48026848547923,4.93423154763877
650,3.18125208249121,4.33606532562546,3.70367172919214
550,4.37633770415777,3.04200523079093,3.03459349274635
350,0.747581603628575,1.66264484625701,1.69813033659011
150,1.10455089609101,0.868072368743903,1.23653960414231
450,1.46259851626705,1.96353960772372,2.36954257357866
250,2.06328971815187,1.76564705976163,2.81014635972679
150,4.74249464565997,2.70154509835879,4.63977340608835
850,5.08226856556997,4.158333589287,4.40599754825234
700,1.62249872144156,1.17860670445978,1.24022665433586
750,2.60415677684522,3.74495617434708,3.47262511961162
100,3.59493299331677,5.44235143620027,4.35831316933036
650,6.74831292355758,4.82729082386992,4.8657395048067
750,1.20961119585174,1.25702747377503,1.23461855947971
300,2.55363006642412,0.925468436056666,1.4382926216349
600,1.51539559402706,1.58820525963589,1.94646099489182
700,3.3494843321773,2.52093479402307,3.01053053513169
400,1.44609009490577,2.64428844562675,2.10920672211796
1000,3.36500947084278,3.36500947084278,3.36500947084278
200,4.16339525247659,2.52859613778824,2.61685752682388
550,5.27360577792999,5.52043994503179,4.81953528616577
600,3.52697330207915,2.72917669989551,3.09094630926847
600,5.51660277083049,3.63371366464563,4.33286926615983
900,3.2582115889118,3.71069073979357,3.65287803579122
300,3.29588442552081,2.6045354673204,4.13378708343953
950,4.42924722329256,4.43982147292574,4.32002520654351
350,5.06976326061005,3.90478904052504,4.20266729872674
500,3.79135329450891,3.03353302542177,3.95700503885746
600,2.66123751355409,2.44610610378612,2.01254612952471
900,2.96538539313774,2.79037597434975,2.72934071253985
950,3.33919861888196,3.48088787602174,3.39481310173869
750,4.22954589192446,4.3211869089365,4.20472563337535
700,1.47313334567249,1.86462089532834,1.62803025450557
350,5.72886327969565,3.87819829139829,3.66272928658873
300,1.1630063162033,1.48598401318612,1.86448400374502
600,2.47973027085922,3.62521010001725,3.13767724856734
350,0.528990811839225,1.20573867972602,1.53665913734585
250,2.28839820215224,3.87739156484599,2.77312986832112
700,1.90894637519015,1.34548170848449,1.54050411470234
700,0.785086190860573,0.936164637037245,1.02869176212698
200,1.35656811782248,0.752449932176776,1.00389868486673
750,2.67646425465012,2.51990966975686,2.29707484412938
300,2.29646871688632,3.12885611353931,2.46170568093657
1000,4.105139169842,4.105139169842,4.105139169842
550,2.58499400331056,4.28686210348441,3.6376723498106
850,1.42495913756116,1.26388101728615,1.27176128234714
950,3.78222152841016,3.78127186613771,3.70815068949014
200,2.03369753657541,0.800095679670272,1.18680532835424
500,3.37491758441902,3.84564284839045,4.95652633346617
550,1.83617701379411,3.70384999657006,3.17012313753366
350,2.93384473078766,2.18054763503597,2.18152773007751
750,3.39573394090889,2.7393259504773,2.76168259233236
150,8.12056919057651,4.69199919338895,4.53971074707806
700,3.20760081519682,4.00428902051748,4.41795593407005
100,1.57145253743105,3.25543158339695,4.67175431270152
550,2.77552670314509,4.16492877706057,3.93240450322628
650,1.30278319060873,1.88344807882623,2.0023438911885
150,1.06389894496999,1.20955830252465,1.0503419553861
150,1.41622875458175,5.81548060721487,4.61012997850776
100,2.93617314938773,2.06364667879588,3.90429021790624
350,1.75736632378786,3.05977538274976,2.86183677054942
500,1.88678127769094,3.17213658730235,2.61459044646472
800,3.19565685764635,3.71282332018368,3.52684609498829
950,2.48203786949392,2.46119713243303,2.488177286461
350,1.88553933668123,1.83904648359805,2.65204960852861
950,4.05392030318561,4.21867922178709,4.22338654752821
400,1.45736458330288,1.28939025493361,1.67814283352345
900,3.4994809162299,3.42457725913303,3.38013828452677
750,2.21382684161233,2.53946429444206,2.64645231515169
900,2.99599839826239,2.7672326873177,2.91266329959035
500,1.61236814574312,1.67392398623544,2.10511214286089
800,3.27587147616624,4.39018799367592,4.00671705324203
250,0.360299041058569,1.56332052250157,2.08308964595199
350,5.22061603801875,2.90786996268029,3.24471046496183
250,2.64647386124107,5.41160261054128,4.64566360879689
800,3.11848685494852,3.68815308779928,3.33390089031309
400,3.45349577677476,4.03754786395942,3.7648935187608
450,1.61672916972385,1.11512817630813,1.21340800169855
800,3.17609958864673,2.73610344310411,2.86251496616751
400,3.40759625205486,2.60598060755221,2.46372696757317
350,4.53541704108962,2.8146366792333,3.30188668239862
650,4.48554665350498,3.49314780435033,4.12205430213362
200,3.30816977291648,3.52014869897971,3.23494640737772
700,4.75246408336344,4.12721055802104,4.58194691874087
250,2.47835229254651,2.9098692140119,2.5068458141759
500,4.97475758143422,3.21049704029994,3.59997901320457
600,3.65764984491482,4.67113007523359,4.49616773519665
500,4.32149593098433,2.87388954684365,3.48455317039043
600,4.00754721208933,3.58313686445713,3.05764074064791
950,2.2033601751449,2.2555058315561,2.28954065777361
800,1.88150577220527,2.01333734997747,2.12354187015444
200,3.78144685073594,4.65373789886062,3.58123680017889
100,7.14244134162958,5.17410543362369,4.85876034013927
250,1.98922849197307,3.50090194250704,3.6538554308936
950,2.11148104636688,2.19198180456956,2.18603602331132
650,4.7926176573007,2.87901845926263,3.52392634749413
850,2.75279348617799,2.40573550403763,2.41304078698158
650,4.1852437581329,4.28208120071215,4.92889695428312
800,1.09598009812325,1.53083698088892,1.39114635437727
900,3.66717068323795,4.01074082981859,4.03229729551822
650,3.58046889873108,3.50290149724406,3.9389408910647
550,1.96548415504664,2.81197826176684,3.72061367891729
400,1.1491773047587,1.51084215051102,1.88023624476045
800,5.59566457673037,4.72227752933082,4.91355304978788
350,2.99872629397481,3.72708801496678,3.57010024785995
100,2.40908840738965,3.20282336426189,2.85220082569867
100,6.30634427714594,3.54595714211335,3.75017975270748
650,3.12287120507108,4.22503255430362,4.23541278205812
400,1.40411031283104,1.14770657073147,1.71010664477944
700,4.07283443350323,4.97150963535326,4.35790411941707
500,2.65882399923547,3.96845576118738,3.63346062973142
750,2.79557935552261,3.22840852822864,3.41525378637016
1000,3.92168660927564,3.92168660927564,3.92168660927564
250,3.05101669114121,2.35466795399579,1.84764208830893
250,4.59210830127665,3.20588335575871,4.16825065109879
850,3.37683462607908,3.80053786495525,3.6348932152614
950,2.37514403925321,2.34785541112094,2.30528445262462
600,2.442709752082,1.48396048234259,1.84153372887522
100,1.12847968961118,4.01905160727096,2.75017108768225
400,4.52573386768594,3.8294179173977,3.24847242049873
750,5.06376492024144,4.36010387818276,4.85328744910657
600,2.29629249595248,2.40942418130874,2.31871665921062
900,2.20142796242214,2.0584534228747,2.16323916148394
900,2.54899752178958,2.4217028388405,2.35193943791091
200,3.294452467355,1.67665757319163,2.14820323232561
850,2.42725861307838,2.71360679693673,2.61637573968619
250,6.96765553488134,4.45178638002188,4.04869552515447
750,3.17688438981299,4.71526051045851,4.38825603108853
150,5.59662577517048,2.96165181773771,4.33338086120784
550,2.53226756741464,2.32579444092792,2.12346460018307
700,1.55532103260683,1.40844177655905,1.30396240204573
800,3.97108684171454,4.00680396552637,4.1283076312393
750,4.17299911553344,3.99983369819607,4.1111765820533
150,4.89831708790629,3.09772580563003,4.8973090974614
300,1.81874447477741,1.38349581914473,1.03554181009531
300,3.94249340748434,3.4452105798762,4.5464427927509
600,5.22829984294734,4.22686823809234,4.99955628998578
1000,3.73818453028798,3.73818453028798,3.73818453028798
850,1.30230370095268,1.44417000781852,1.34344314131886
950,2.44413563227277,2.29060350069686,2.33307603001595
550,2.0645954669601,2.44625043198978,2.13298906385899
250,0.501814433481323,3.78519785463461,2.78342982102185
750,1.37544733077231,1.54193124544154,1.358955739066
200,3.79107899550435,3.86714420601838,3.53227637056261
600,5.55112432583697,4.77917776012497,4.28907431941479
450,1.0541615635741,2.24264399649964,1.88703361898661
250,0.902643330505927,1.47262471937691,1.05162973981351
400,5.24097477969421,2.98424376151533,3.45608379784971
600,2.80065583967388,3.96393667767477,3.58904242888093
550,2.91682948530004,2.58455857731965,2.29751736205071
500,3.07186529407716,2.56696891734985,3.51626895554364
150,4.76176054797128,2.19608788276808,3.18870304524899
150,1.76898513061316,1.09040204891392,1.91113954782486
950,3.12375280096088,3.09607582437257,3.03016351722181
350,5.47293899726184,3.68286875651675,4.78331936337054
550,1.38066517826654,1.25687040148429,1.5147164883092
200,1.77163875810911,4.78180867131626,3.73331561498344
550,1.17500511558997,1.85644932664241,1.95116437692195
200,2.17469718804223,2.31762931473805,3.65171421319246
200,2.36916514752567,3.76839612726652,4.64365145564079
800,1.4822170801557,1.75930093866399,1.85075287893414
700,1.79316588463246,1.35861993875732,1.60092676058412
600,2.33861973093115,2.67846154351343,2.52883585449308
900,4.65826706170007,5.18367540659044,4.99701356701553
150,2.29055516802779,3.20211045847548,2.54421596508473
750,4.10109176456016,3.74430844838335,3.40219801478088
750,3.5028290390631,2.7840428033116,2.80688193067908
900,3.30338391195029,3.17275074799337,3.12138752266765
800,1.51491796643572,1.77173572704232,1.81764495465904
250,1.67490360121952,4.08908562528001,2.90074011217803
500,1.64896861428878,2.0860795758168,1.63362522143871
1000,3.45151588972658,3.45151588972658,3.45151588972658
600,5.62150677943606,4.84515542025099,4.76165169943124
200,0.822446264305336,2.64230325657054,1.83568264171481
500,2.19277367429641,2.56502203707943,2.8121932130307
400,6.40071913790516,5.54297532615766,4.60417880211025
900,3.80493634316425,3.87735911531874,3.7244915952906
150,5.03095197993893,4.4315920251805,3.55467370990664
750,4.20584552908599,3.37751944045923,3.44252596795559
750,1.20433147124449,1.36452171295493,1.47941862139851
150,0.215722722817601,1.82762271742852,3.22657273337245
800,1.20350675141989,0.982798135520048,1.03619994223118
500,2.17057633337932,2.21423381435348,1.84396658837795
700,1.87153840514043,1.91194158238054,1.95817026309669
200,0.244030673217659,1.53310598838529,1.10848443303257
500,3.40715351578252,2.96605924953319,4.06195890624076
800,2.25304389994339,2.61001145493471,2.47725456301123
550,1.67617353191446,2.94361305949597,2.43937413394451
850,1.98085303180204,1.81275540279744,1.84592909179628
850,3.31106925810901,3.41893011262613,3.22598476428539
850,2.31761286101886,2.0194101294558,2.07799729239196
850,3.0984311416183,3.67267457424757,3.6843518037349
850,4.7035788949616,4.10830797381097,4.349499611184
400,2.8460337900948,1.90746390495823,2.33725782949477
500,5.33960887498968,3.51972588674167,4.28935609851032
800,2.17194826772622,2.83627134720359,2.61162353958935
900,4.36664188248616,4.39186661084862,4.44928979407996
900,1.14593690953559,1.08929386890119,1.11444749403745
750,3.13976875054781,2.90427922407837,2.80969730671495
450,5.14818492849513,3.87985804818889,3.42346380837262
500,1.47886539661756,1.28345745299972,1.15230581071228
600,1.2925782896477,2.80560801597902,2.30563278030604
300,2.48628693745599,2.11274711684134,2.49603001773357
500,1.54297014824388,2.95843648565691,3.0195131720975
950,2.58410735154144,2.53557884448594,2.58117182087153
250,1.52555457018896,1.26956537647776,1.47235675901175
600,3.22281741416614,3.21645222712033,3.275490693748
950,1.7244846442076,1.71033949147679,1.67144639138132
500,2.06565374815157,5.46040418635509,4.53820159286261
200,7.21477075880315,5.11170107953846,4.66556459944695
150,5.47232814977455,1.82545768918035,2.91776657197624
200,5.77571016361084,3.10533571928581,4.42335969954729
250,0.994583422265216,2.97129434855158,3.14882965758443
800,2.80712222442352,2.69645741018559,2.73470846097916
1000,2.48194811772555,2.48194811772555,2.48194811772555
400,5.73025069589793,3.81498138742462,4.5235798554495
450,5.4179913820515,3.69285999817129,4.14954609330744
150,7.10082410737741,5.42137557583927,3.92972491681576
250,1.84506244376875,1.1472686461438,1.41867574583739
700,4.38648423141405,4.3978310527137,3.79241851810366
200,1.67244148908325,3.53144986474123,3.1151534570381
450,2.04925237794029,5.19035219052995,4.44831858761609
800,1.43090382762331,1.61245341849188,1.58277805894613
150,4.85689518406378,3.51399033955549,3.0513360593468
850,4.43149107752904,4.11747737965758,3.86391283478588
100,7.09460487785761,5.01462530373065,4.39319714996964
900,4.21616165588016,4.40575984624384,4.28195325657725
650,1.13576277255869,1.38218302442215,1.39809315279126
950,4.65579576803768,4.53669290659896,4.64515240676701
950,4.63037320477387,4.66559350312927,4.55083492025733
500,1.00147030552791,2.65563831440193,2.0881698988378
550,1.7774601995274,2.43237568164937,2.16077866312116
650,1.20615885097768,1.87108866215879,1.71047024801373
100,4.63710653557251,2.6714331600935,2.52939762361348
700,4.22229848719528,3.49913365118586,3.20462001487613
650,4.54232709711422,4.50346757927393,4.35446263942868
600,1.7511067688716,1.5579445100142,1.90009093657136
800,2.02801921961999,2.2631617445746,2.07940394990146
200,5.46144721886252,2.66774732938426,4.41846197657287
750,1.53492530358343,2.17380634464687,2.11204077117145
150,1.85820647151856,3.77809930676692,3.56051731109619
900,1.53751046327275,1.41845703566099,1.42444017995149
250,2.23932686344668,3.03755708811341,2.77625978365541
750,2.77009805938417,2.47974716039533,2.39711939822882
900,4.14847777951731,3.92679813026487,3.82815111707896
500,2.85112538186785,2.34056497063402,2.00223647244275
150,4.03122499587556,2.08779401624984,3.91235714312643
900,2.69715088485958,2.40059392078145,2.52379419188946
450,7.12368881095517,6.48682284459623,4.97990735899657
700,3.04601851404188,3.77452016513674,3.44352305028588
650,4.11493452459071,3.2343104963048,3.87989042140543
650,5.56268528896346,5.30683654924249,4.99175513256341
800,1.93798881348306,1.93652542949848,1.86030107922852
300,0.905252360407993,0.923052201691182,1.38193803559989
150,3.88928267942097,3.52764812527404,3.596520524472
950,2.97126857972047,2.84934011692055,2.88612298667431
450,5.9292195304786,3.31124112599277,3.7022109143436
600,2.6330704378257,2.52319714253785,2.14998280350119
900,1.14216470564219,1.13379324795195,1.18862804491073
200,0.648615678914386,2.84303056579653,4.17645091656595
300,1.50344465694212,3.37779723161024,4.45051901508123
100,1.0678237903632,1.31605074973604,1.85070216096938
700,2.92049580456101,4.67288057083401,4.31344016268849
850,2.06098913881833,1.82027241232155,1.80857570189983
700,4.58738162921073,5.17576396430468,4.96098341047764
100,4.32432670600351,2.74510296912997,2.20416252035648
300,0.46949152785999,1.00264764722216,1.48154079448432
900,4.57840621204943,4.722218026144,4.50625133886933
300,0.996146799580131,3.42002784650308,4.079311221838
350,2.21998251451955,2.85583575124581,4.14552468061447
250,3.22069421115217,5.36747874235374,4.08954727556556
700,4.43187077526996,5.22841877417266,4.53696657344699
600,2.18889626476427,1.82947644011374,2.15772229526192
100,1.20377240556508,1.15949822350795,1.11004832200706
500,3.66727497925076,4.35659017950379,4.96431451756507
800,3.07627621132067,3.04825210446143,3.02890319470316
500,1.56532906202791,2.29709253807469,2.35345722641796
350,3.08573058018808,2.73842052030203,2.11061095353216
550,2.87249504938711,4.37118990950526,3.49928817152977
200,2.23721998482902,2.51093519882852,3.25334379822016
